start_sec,run_dir,pose_coverage,face_coverage,hand_coverage,natural_movement_score,positive_affect_score,enthusiasm_score,posture_stability_score,confidence_presence_score,audience_orientation_score,eye_contact_distribution_score,alertness_score,static_behavior_risk,excessive_animation_risk,rigidity_risk,heuristic_nonverbal_score
60.0,/workspace/artifacts/nonverbal_eval_batch/batch_20260315T191630Z/segment_060s/run_20260315T191630Z,1.0,1.0,0.993421052631579,65.53147225405283,42.713025189523634,55.08374686085181,90.39181077425096,62.82314769141474,73.82277614333935,79.61886879783296,89.2643760752771,0.0,21.744943056146308,0.0,69.60353428981668
90.0,/workspace/artifacts/nonverbal_eval_batch/batch_20260315T191630Z/segment_090s/run_20260315T191652Z,1.0,1.0,1.0,57.607185483040645,45.208125864867164,48.889878472746645,84.16950613221735,65.68036246985307,83.23920171465416,68.89669093841675,90.22261235406145,9.824850294325085,10.949948368666568,6.802888540201814,67.80282488636686
120.0,/workspace/artifacts/nonverbal_eval_batch/batch_20260315T191630Z/segment_120s/run_20260315T191713Z,1.0,1.0,0.993421052631579,72.05328002340485,45.41883480440573,62.01320588302163,81.63552227621518,81.49869015751102,65.87568377738062,71.78764716588807,84.25336181607874,0.0,0.0,6.0749650596888145,71.13718505334367
150.0,/workspace/artifacts/nonverbal_eval_batch/batch_20260315T191630Z/segment_150s/run_20260315T191735Z,1.0,1.0,1.0,54.27662464864331,47.7958013034942,52.10096042354739,86.40303895774834,67.15930422106993,79.2206978648513,78.28322840515807,84.56906523583375,0.0,42.631084074122136,3.5425866835422393,65.44115627830642
