window_local_start_sec,window_local_end_sec,window_start_sec,window_end_sec,window_duration_sec,pose_coverage,face_coverage,hand_coverage,natural_movement_score,positive_affect_score,enthusiasm_score,posture_stability_score,confidence_presence_score,audience_orientation_score,eye_contact_distribution_score,alertness_score,static_behavior_risk,excessive_animation_risk,tension_hostility_risk,rigidity_risk,closed_posture_risk,heuristic_nonverbal_score
0.0,15.0,92.5,107.5,15.0,1.0,0.9944444444444445,0.9944444444444445,20.73977251499006,49.26409027017113,40.69080016643588,75.81025624684682,55.33530139944509,68.16130655447141,74.5732307569324,83.19146884039547,0.0,76.7367852924843,5.159241964184037,0.0,67.81564965203268,52.78680175795848
15.0,30.0,107.5,122.5,15.0,1.0,0.9666666666666667,0.9666666666666667,20.636812057366207,46.729737988735785,36.68120119819364,82.7350686717198,71.93558370922898,66.85370417743474,76.34181043787056,84.87663185474636,4.353216754065619,63.16163067674581,9.038467019077162,0.0,11.116781520919309,55.56211170975657
30.0,45.0,122.5,137.5,15.0,1.0,1.0,0.9722222222222222,36.85232442594988,54.21350169444945,49.72271907133638,85.61978369368525,74.60605861256646,80.83182315532582,80.74553520400663,89.93548205470331,0.0,56.862197392923655,3.635809342817231,0.0,16.31515369468967,64.65506433190028
45.0,60.0,137.5,152.5,15.0,1.0,1.0,0.9666666666666667,34.72334802627509,45.33545783263271,42.473822364697824,73.42093811641422,61.13080844133951,67.75895247353581,79.30462996042849,82.35396717698501,4.038994312286377,55.00000000000001,10.918944467855942,0.0,45.490737217655465,57.26901603098681
