{
  "clip": {
    "clip_video": "/workspace/TeacherEvaluation/evaluation/local_data/runs/gemini_flash_local/stanford_cs230_240_300/run_20260318T011500Z/full_segment_reference.mp4",
    "start_sec": 0.0,
    "duration_sec_requested": 60.026633333333336,
    "fps": 12.0,
    "frames_written": 721,
    "duration_sec_actual": 60.0
  },
  "quality_control": {
    "pose_coverage": 1.0,
    "face_coverage": 0.7503467406380028,
    "hand_coverage": 0.8016643550624133,
    "frames_analyzed": 721
  },
  "scores": {
    "audience_orientation_score": 72.25143158947544,
    "posture_stability_score": 61.75669803541199,
    "gesture_activity_score": 95.63106796116504,
    "gesture_smoothness_score": 46.4889457078292,
    "facial_expressivity_score": 27.061251061323528,
    "stage_usage_score": 96.83723312157852,
    "natural_movement_score": 16.271130997740222,
    "positive_affect_score": 34.926165729265634,
    "enthusiasm_score": 45.92022364292123,
    "confidence_presence_score": 74.46594359277803,
    "eye_contact_distribution_score": 75.41855458128687,
    "alertness_score": 43.132993034567704,
    "heuristic_nonverbal_score": 46.97183891361314
  },
  "category_feedback": {
    "gesture_and_facial_expression": {
      "natural_movement_score": 16.271130997740222,
      "positive_affect_score": 34.926165729265634,
      "enthusiasm_score": 45.92022364292123,
      "static_behavior_risk": 0.0,
      "excessive_animation_risk": 80.0,
      "tension_hostility_risk": 31.476057039941647,
      "rigidity_risk": 0.0
    },
    "posture_and_presence": {
      "upright_relaxed_posture_score": 61.75669803541199,
      "confidence_presence_score": 74.46594359277803,
      "closed_posture_risk": 3.1412210405994934,
      "grooming_assessment": {
        "status": "manual_review_required",
        "reason": "A landmark-only pipeline is not a validated or fair way to score grooming or professional appearance."
      }
    },
    "eye_contact_and_engagement": {
      "audience_orientation_score": 72.25143158947544,
      "eye_contact_distribution_score": 75.41855458128687,
      "room_scan_score": 82.10144927536231,
      "alertness_score": 43.132993034567704,
      "sector_balance_score": 75.67177288842986,
      "sector_distribution": {
        "left": 89,
        "center": 78,
        "right": 374
      },
      "gaze_transition_count": 46,
      "gaze_transition_rate_per_sec": 0.7666666666666667
    },
    "manual_review_items": [
      "Speech-gesture synchronization is intentionally out of scope in this version.",
      "Professional grooming/appearance requires manual review."
    ]
  },
  "raw_metrics": {
    "gesture_extent_mean": 2.567415478536236,
    "arm_span_mean": 1.8679120712378277,
    "gesture_motion_mean": 0.10544109670097306,
    "gesture_motion_peak": 1.7206235457101215,
    "gesture_motion_std": 0.1566592138440418,
    "open_palm_ratio": 0.5603328710124826,
    "pointing_ratio": 0.05409153952843273,
    "fist_ratio": 0.18723994452149792,
    "smile_proxy_mean": 0.32234044105156195,
    "smile_proxy_std": 0.02755104255110294,
    "mouth_open_mean": 0.05194082126627966,
    "mouth_open_std": 0.07486948427652637,
    "eye_open_mean": 0.22805902390452903,
    "brow_eye_mean": 0.25557005599368365,
    "signed_yaw_std": 0.5245524409787503,
    "stage_range": 0.2917768061161041,
    "ldlj_smoothness_raw": 20.507217818642953,
    "sal_smoothness_raw": -5.8700556473167245
  },
  "interpretation": {
    "audience_orientation": "moderate",
    "posture_stability": "moderate",
    "gesture_activity": "strong",
    "gesture_smoothness": "limited",
    "facial_expressivity": "limited",
    "natural_movement": "limited",
    "positive_affect": "limited",
    "enthusiasm": "limited",
    "confidence_presence": "moderate",
    "eye_contact_distribution": "strong",
    "alertness": "limited",
    "static_behavior_risk": "low",
    "excessive_animation_risk": "high",
    "tension_hostility_risk": "low",
    "rigidity_risk": "low",
    "closed_posture_risk": "low",
    "overall_nonverbal_signal": "limited"
  },
  "warnings": [
    "Face coverage dropped below 95%; audience orientation and facial scores are less stable.",
    "Hand coverage dropped below 85%; gesture classification is less stable."
  ],
  "notes": [
    "These scores are heuristic nonverbal proxies based on pretrained landmark detectors.",
    "They are suited to reflective feedback, not high-stakes evaluation or causal claims about teaching quality.",
    "Eye-contact distribution is approximated from head/face orientation and sector changes, not true pupil-level gaze."
  ],
  "feedback": {
    "strengths": [
      "Body openness and stance suggest confident delivery rather than closed-off presentation.",
      "Head and gaze behavior show some distribution across audience sectors rather than a single fixed target."
    ],
    "watch_items": [
      "Movement may occasionally become more animated than needed for the teaching point.",
      "Alertness cues are weaker than ideal; review eyelid openness and room-facing orientation."
    ]
  }
}