{
  "clip": {
    "clip_video": "/workspace/artifacts/nonverbal_eval_batch/batch_20260315T191630Z/segment_090s/run_20260315T191652Z/clip_5s.mp4",
    "start_sec": 90.0,
    "duration_sec_requested": 5.0,
    "duration_sec_actual": 5.038371705038372,
    "fps": 29.97,
    "frames_written": 152
  },
  "quality_control": {
    "pose_coverage": 1.0,
    "face_coverage": 1.0,
    "hand_coverage": 1.0,
    "frames_analyzed": 152
  },
  "scores": {
    "audience_orientation_score": 83.23920171465416,
    "posture_stability_score": 84.16950613221735,
    "gesture_activity_score": 97.19129123899084,
    "gesture_smoothness_score": 80.1234960692262,
    "facial_expressivity_score": 21.1387488191408,
    "stage_usage_score": 21.05234586275541,
    "natural_movement_score": 57.607185483040645,
    "positive_affect_score": 45.208125864867164,
    "enthusiasm_score": 48.889878472746645,
    "confidence_presence_score": 65.68036246985307,
    "eye_contact_distribution_score": 68.89669093841675,
    "alertness_score": 90.22261235406145,
    "heuristic_nonverbal_score": 67.80282488636686
  },
  "category_feedback": {
    "gesture_and_facial_expression": {
      "natural_movement_score": 57.607185483040645,
      "positive_affect_score": 45.208125864867164,
      "enthusiasm_score": 48.889878472746645,
      "static_behavior_risk": 9.824850294325085,
      "excessive_animation_risk": 10.949948368666568,
      "tension_hostility_risk": 8.166745776063799,
      "rigidity_risk": 6.802888540201814
    },
    "posture_and_presence": {
      "upright_relaxed_posture_score": 84.16950613221735,
      "confidence_presence_score": 65.68036246985307,
      "closed_posture_risk": 60.0,
      "grooming_assessment": {
        "status": "manual_review_required",
        "reason": "A landmark-only pipeline is not a validated or fair way to score grooming or professional appearance."
      }
    },
    "eye_contact_and_engagement": {
      "audience_orientation_score": 83.23920171465416,
      "eye_contact_distribution_score": 68.89669093841675,
      "room_scan_score": 46.90699683270948,
      "alertness_score": 90.22261235406145,
      "sector_balance_score": 63.02185942937283,
      "sector_distribution": {
        "left": 0,
        "center": 79,
        "right": 73
      },
      "gaze_transition_count": 7,
      "gaze_transition_rate_per_sec": 1.3893377483443707
    },
    "manual_review_items": [
      "Speech-gesture synchronization is intentionally out of scope in this version.",
      "Professional grooming/appearance requires manual review."
    ]
  },
  "raw_metrics": {
    "gesture_extent_mean": 1.390204985978197,
    "arm_span_mean": 0.7349697258787701,
    "gesture_motion_mean": 0.03461003088686557,
    "gesture_motion_peak": 0.1546587086309787,
    "gesture_motion_std": 0.028652396923390368,
    "open_palm_ratio": 0.6973684210526315,
    "pointing_ratio": 0.006578947368421052,
    "fist_ratio": 0.1118421052631579,
    "smile_proxy_mean": 0.35021855795211776,
    "smile_proxy_std": 0.018890108095907743,
    "mouth_open_mean": 0.19464840981186055,
    "mouth_open_std": 0.18116832367191177,
    "eye_open_mean": 0.3589354231174897,
    "brow_eye_mean": 0.17347977754251334,
    "signed_yaw_std": 0.3067643641458235,
    "stage_range": 0.09473609924316406,
    "ldlj_smoothness_raw": 14.405526338663927,
    "sal_smoothness_raw": -2.412848962975726
  },
  "interpretation": {
    "audience_orientation": "strong",
    "posture_stability": "strong",
    "gesture_activity": "strong",
    "gesture_smoothness": "strong",
    "facial_expressivity": "limited",
    "natural_movement": "moderate",
    "positive_affect": "limited",
    "enthusiasm": "limited",
    "confidence_presence": "moderate",
    "eye_contact_distribution": "moderate",
    "alertness": "strong",
    "static_behavior_risk": "low",
    "excessive_animation_risk": "low",
    "tension_hostility_risk": "low",
    "rigidity_risk": "low",
    "closed_posture_risk": "moderate",
    "overall_nonverbal_signal": "moderate"
  },
  "warnings": [],
  "notes": [
    "These scores are heuristic nonverbal proxies based on pretrained landmark detectors.",
    "They are suited to reflective feedback, not high-stakes evaluation or causal claims about teaching quality.",
    "Eye-contact distribution is approximated from head/face orientation and sector changes, not true pupil-level gaze."
  ],
  "feedback": {
    "strengths": [
      "Posture is upright and stable, supporting a confident classroom presence.",
      "Head and gaze behavior show some distribution across audience sectors rather than a single fixed target.",
      "The instructor appears alert and attentive to the room."
    ],
    "watch_items": [
      "Body posture trends somewhat closed; monitor slouching or arm positions that reduce openness."
    ]
  }
}