{
  "clip": {
    "clip_video": "/workspace/TeacherEvaluation/evaluation/local_data/runs/gemini_flash_local/mit_ocw_brain_300_360/run_20260318T010424Z/full_segment_reference.mp4",
    "start_sec": 0.0,
    "duration_sec_requested": 59.99326666666667,
    "fps": 12.0,
    "frames_written": 720,
    "duration_sec_actual": 59.916666666666664
  },
  "quality_control": {
    "pose_coverage": 1.0,
    "face_coverage": 1.0,
    "hand_coverage": 0.0,
    "frames_analyzed": 720
  },
  "scores": {
    "audience_orientation_score": 80.67481951681785,
    "posture_stability_score": 89.29856057638406,
    "gesture_activity_score": 50.457118086111116,
    "gesture_smoothness_score": 64.2979798056188,
    "facial_expressivity_score": 28.39103922631842,
    "stage_usage_score": 0.0,
    "natural_movement_score": 36.3141427825335,
    "positive_affect_score": 31.442323134572842,
    "enthusiasm_score": 34.258732133184004,
    "confidence_presence_score": 89.38679811441817,
    "eye_contact_distribution_score": 79.14996157684928,
    "alertness_score": 90.99201402796058,
    "heuristic_nonverbal_score": 59.551382254927425
  },
  "category_feedback": {
    "gesture_and_facial_expression": {
      "natural_movement_score": 36.3141427825335,
      "positive_affect_score": 31.442323134572842,
      "enthusiasm_score": 34.258732133184004,
      "static_behavior_risk": 68.58259158996024,
      "excessive_animation_risk": 25.686138154844695,
      "tension_hostility_risk": 7.507646485324049,
      "rigidity_risk": 30.946693847944328
    },
    "posture_and_presence": {
      "upright_relaxed_posture_score": 89.29856057638406,
      "confidence_presence_score": 89.38679811441817,
      "closed_posture_risk": 0.0,
      "grooming_assessment": {
        "status": "manual_review_required",
        "reason": "A landmark-only pipeline is not a validated or fair way to score grooming or professional appearance."
      }
    },
    "eye_contact_and_engagement": {
      "audience_orientation_score": 80.67481951681785,
      "eye_contact_distribution_score": 79.14996157684928,
      "room_scan_score": 66.00441434359314,
      "alertness_score": 90.99201402796058,
      "sector_balance_score": 84.70117121589318,
      "sector_distribution": {
        "left": 300,
        "center": 65,
        "right": 355
      },
      "gaze_transition_count": 63,
      "gaze_transition_rate_per_sec": 1.051460361613352
    },
    "manual_review_items": [
      "Speech-gesture synchronization is intentionally out of scope in this version.",
      "Professional grooming/appearance requires manual review."
    ]
  },
  "raw_metrics": {
    "gesture_extent_mean": 2.9832434987125995,
    "arm_span_mean": 1.6953058805970846,
    "gesture_motion_mean": 0.008833447447698423,
    "gesture_motion_peak": 0.057978457307322734,
    "gesture_motion_std": 0.009621322460822269,
    "open_palm_ratio": 0.0,
    "pointing_ratio": 0.0,
    "fist_ratio": 0.0,
    "smile_proxy_mean": 0.3450014710621021,
    "smile_proxy_std": 0.026835746363873966,
    "mouth_open_mean": 0.17369473283337517,
    "mouth_open_std": 0.14426941072708885,
    "eye_open_mean": 0.4282227670631056,
    "brow_eye_mean": 0.19233843521518018,
    "signed_yaw_std": 0.7089085460684583,
    "stage_range": 0.01056128740310669,
    "ldlj_smoothness_raw": 22.964932757451784,
    "sal_smoothness_raw": -4.315812671509633
  },
  "interpretation": {
    "audience_orientation": "strong",
    "posture_stability": "strong",
    "gesture_activity": "limited",
    "gesture_smoothness": "moderate",
    "facial_expressivity": "limited",
    "natural_movement": "limited",
    "positive_affect": "limited",
    "enthusiasm": "limited",
    "confidence_presence": "strong",
    "eye_contact_distribution": "strong",
    "alertness": "strong",
    "static_behavior_risk": "high",
    "excessive_animation_risk": "low",
    "tension_hostility_risk": "low",
    "rigidity_risk": "low",
    "closed_posture_risk": "low",
    "overall_nonverbal_signal": "moderate"
  },
  "warnings": [
    "Hand coverage dropped below 85%; gesture classification is less stable."
  ],
  "notes": [
    "These scores are heuristic nonverbal proxies based on pretrained landmark detectors.",
    "They are suited to reflective feedback, not high-stakes evaluation or causal claims about teaching quality.",
    "Eye-contact distribution is approximated from head/face orientation and sector changes, not true pupil-level gaze."
  ],
  "feedback": {
    "strengths": [
      "Posture is upright and stable, supporting a confident classroom presence.",
      "Body openness and stance suggest confident delivery rather than closed-off presentation.",
      "Head and gaze behavior show some distribution across audience sectors rather than a single fixed target.",
      "The instructor appears alert and attentive to the room."
    ],
    "watch_items": [
      "Movement may be too limited in places; check for stretches of static delivery."
    ]
  }
}